frame,time_s,x,y,visible
0,0.0000,,,0
1,0.0166,,,0
2,0.0333,,,0
3,0.0499,,,0
4,0.0666,,,0
5,0.0832,,,0
6,0.0999,,,0
7,0.1165,,,0
8,0.1331,,,0
9,0.1498,,,0
10,0.1664,,,0
11,0.1831,,,0
12,0.1997,,,0
13,0.2164,,,0
14,0.2330,,,0
15,0.2496,,,0
16,0.2663,,,0
17,0.2829,,,0
18,0.2996,,,0
19,0.3162,,,0
20,0.3328,,,0
21,0.3495,,,0
22,0.3661,,,0
23,0.3828,,,0
24,0.3994,891.54,490.98,1
25,0.4161,887.04,494.56,1
26,0.4327,882.09,498.82,1
27,0.4493,877.28,503.04,1
28,0.4660,872.38,508.04,1
29,0.4826,867.86,512.38,1
30,0.4993,862.51,517.81,1
31,0.5159,856.97,523.75,1
32,0.5326,851.71,530.64,1
33,0.5492,846.75,535.80,1
34,0.5658,841.15,543.71,1
35,0.5825,835.32,551.06,1
36,0.5991,829.18,558.29,1
37,0.6158,823.78,567.83,1
38,0.6324,817.30,577.73,1
39,0.6491,811.48,586.53,1
40,0.6657,805.49,597.14,1
41,0.6823,798.39,608.51,1
42,0.6990,791.38,620.33,1
43,0.7156,784.57,633.40,1
44,0.7323,777.93,638.62,1
45,0.7489,772.00,633.05,1
46,0.7656,766.63,628.01,1
47,0.7822,760.63,622.65,1
48,0.7988,754.49,617.83,1
49,0.8155,748.22,612.98,1
50,0.8321,742.22,608.52,1
51,0.8488,735.08,603.84,1
52,0.8654,728.86,599.71,1
53,0.8821,721.79,595.58,1
54,0.8987,715.06,593.02,1
55,0.9153,706.69,587.77,1
56,0.9320,699.75,585.26,1
57,0.9486,691.59,581.41,1
58,0.9653,683.42,579.07,1
59,0.9819,676.94,576.17,1
60,0.9985,666.81,573.24,1
61,1.0152,657.58,571.01,1
62,1.0318,648.43,569.49,1
63,1.0485,638.19,567.95,1
64,1.0651,628.17,566.67,1
65,1.0818,617.78,566.28,1
66,1.0984,607.37,565.70,1
67,1.1150,595.84,565.47,1
68,1.1317,584.13,566.21,1
69,1.1483,571.82,567.29,1
70,1.1650,557.73,568.60,1
71,1.1816,545.85,570.27,1
72,1.1983,531.63,573.64,1
73,1.2149,516.90,576.94,1
74,1.2315,505.41,577.09,0
75,1.2482,492.18,579.10,0
76,1.2648,478.95,581.11,0
77,1.2815,465.71,583.12,0
78,1.2981,452.48,585.12,0
79,1.3148,439.24,587.13,0
80,1.3314,426.01,589.14,0
81,1.3480,412.77,591.14,0
82,1.3647,399.54,593.15,0
83,1.3813,386.31,595.16,0
84,1.3980,373.07,597.16,0
85,1.4146,359.84,599.17,0
86,1.4313,346.60,601.18,0
87,1.4479,333.37,603.18,0
88,1.4645,320.13,605.19,0
89,1.4812,306.90,607.20,0
90,1.4978,293.67,609.21,0
91,1.5145,280.43,611.21,0
92,1.5311,267.20,613.22,0
93,1.5478,253.96,615.23,0
94,1.5644,,,0
95,1.5810,804.50,500.14,1
96,1.5977,817.82,498.51,1
97,1.6143,830.23,496.62,1
98,1.6310,841.64,495.48,1
99,1.6476,852.11,494.87,1
100,1.6642,862.00,494.16,1
101,1.6809,871.17,493.89,1
102,1.6975,879.75,493.93,1
103,1.7142,887.54,494.42,1
104,1.7308,894.91,494.73,1
105,1.7475,901.99,495.49,1
106,1.7641,908.12,496.42,1
107,1.7807,914.02,497.60,1
108,1.7974,919.67,498.87,1
109,1.8140,925.63,500.53,1
110,1.8307,930.22,502.18,1
111,1.8473,935.15,503.49,1
112,1.8640,939.39,505.06,1
113,1.8806,945.56,506.31,0
114,1.8972,950.64,507.79,0
115,1.9139,951.51,511.22,1
116,1.9305,956.80,512.60,0
117,1.9472,961.11,514.44,0
118,1.9638,965.41,516.28,0
119,1.9805,969.72,518.12,0
120,1.9971,968.35,523.08,1
121,2.0137,972.35,525.08,0
122,2.0304,974.27,528.50,1
123,2.0470,977.87,530.69,0
124,2.0637,981.02,533.20,0
125,2.0803,982.88,536.81,1
126,2.0970,986.08,539.30,0
127,2.1136,989.00,542.01,0
128,2.1302,991.92,544.72,0
129,2.1469,994.84,547.43,0
130,2.1635,997.76,550.15,0
131,2.1802,1000.68,552.86,0
132,2.1968,1003.60,555.57,0
133,2.2134,1006.52,558.28,0
134,2.2301,1009.44,561.00,0
135,2.2467,1012.36,563.71,0
136,2.2634,1015.29,566.42,0
137,2.2800,1018.21,569.13,0
138,2.2967,1021.13,571.85,0
139,2.3133,1024.05,574.56,0
140,2.3299,1026.97,577.27,0
141,2.3466,1029.89,579.99,0
142,2.3632,1032.81,582.70,0
143,2.3799,1035.73,585.41,0
144,2.3965,1038.65,588.12,0
145,2.4132,1041.58,590.84,0
146,2.4298,,,0
147,2.4464,,,0
148,2.4631,,,0
149,2.4797,,,0
150,2.4964,,,0
151,2.5130,,,0
152,2.5297,,,0
153,2.5463,,,0
154,2.5629,,,0
155,2.5796,,,0
156,2.5962,,,0
157,2.6129,,,0
158,2.6295,,,0
159,2.6462,,,0
160,2.6628,,,0
161,2.6794,,,0
162,2.6961,,,0
163,2.7127,,,0
164,2.7294,,,0
165,2.7460,,,0
166,2.7627,,,0
167,2.7793,,,0
168,2.7959,,,0
169,2.8126,,,0
170,2.8292,,,0
171,2.8459,,,0
172,2.8625,,,0
173,2.8791,,,0
174,2.8958,,,0
175,2.9124,,,0
176,2.9291,,,0
177,2.9457,,,0
178,2.9624,,,0
179,2.9790,,,0
180,2.9956,,,0
181,3.0123,,,0
182,3.0289,,,0
183,3.0456,,,0
184,3.0622,,,0
185,3.0789,,,0
186,3.0955,,,0
187,3.1121,,,0
188,3.1288,,,0
189,3.1454,,,0
190,3.1621,,,0
191,3.1787,,,0
192,3.1954,,,0
193,3.2120,,,0
194,3.2286,,,0
195,3.2453,,,0
196,3.2619,,,0
197,3.2786,947.38,459.48,1
198,3.2952,943.50,460.00,1
199,3.3119,941.51,457.25,0
200,3.3285,938.89,455.55,0
201,3.3451,931.45,462.15,1
202,3.3618,927.39,463.32,1
203,3.3784,922.83,465.45,1
204,3.3951,918.05,467.31,1
205,3.4117,913.90,469.38,1
206,3.4284,909.10,471.92,1
207,3.4450,903.91,475.08,1
208,3.4616,898.47,478.74,1
209,3.4783,893.45,482.10,1
210,3.4949,888.22,486.49,1
211,3.5116,882.24,491.17,1
212,3.5282,876.27,496.26,1
213,3.5448,869.69,502.09,1
214,3.5615,863.27,508.33,1
215,3.5781,856.85,514.66,1
216,3.5948,849.81,522.34,1
217,3.6114,842.10,530.93,1
218,3.6281,836.64,536.95,1
219,3.6447,827.07,548.74,1
220,3.6613,818.76,559.35,1
221,3.6780,809.84,569.79,1
222,3.6946,801.59,582.22,1
223,3.7113,792.35,594.89,1
224,3.7279,781.90,609.68,1
225,3.7446,771.69,624.78,1
226,3.7612,760.87,641.35,1
227,3.7778,750.58,657.49,1
228,3.7945,736.87,679.43,1
229,3.8111,724.76,699.89,1
230,3.8278,712.37,718.71,1
231,3.8444,699.88,711.85,1
232,3.8611,688.13,704.44,1
233,3.8777,675.33,696.73,1
234,3.8943,662.33,689.84,1
235,3.9110,648.33,682.51,1
236,3.9276,633.65,675.43,1
237,3.9443,618.16,669.31,1
238,3.9609,590.33,672.33,1
239,3.9776,581.75,663.63,0
240,3.9942,565.44,657.87,0
241,4.0108,549.12,652.11,0
242,4.0275,532.80,646.35,0
243,4.0441,516.48,640.59,0
244,4.0608,500.17,634.83,0
245,4.0774,483.85,629.07,0
246,4.0940,467.53,623.31,0
247,4.1107,451.21,617.55,0
248,4.1273,434.90,611.79,0
249,4.1440,418.58,606.03,0
250,4.1606,402.26,600.27,0
251,4.1773,385.94,594.51,0
252,4.1939,369.63,588.75,0
253,4.2105,353.31,582.99,0
254,4.2272,336.99,577.23,0
255,4.2438,320.68,571.47,0
256,4.2605,304.36,565.71,0
257,4.2771,288.04,559.95,0
258,4.2938,271.72,554.19,0
259,4.3104,,,0
260,4.3270,689.64,473.08,1
261,4.3437,698.69,463.40,0
262,4.3603,709.51,453.45,0
263,4.3770,716.92,467.81,1
264,4.3936,723.58,467.38,1
265,4.4103,730.26,466.79,1
266,4.4269,736.53,466.68,1
267,4.4435,742.00,466.76,1
268,4.4602,747.50,466.85,1
269,4.4768,752.50,467.31,1
270,4.4935,756.43,467.98,1
271,4.5101,760.05,468.35,1
272,4.5268,763.85,469.52,1
273,4.5434,767.56,470.60,1
274,4.5600,771.06,471.95,1
275,4.5767,774.03,473.44,1
276,4.5933,776.63,474.92,1
277,4.6100,779.42,476.44,1
278,4.6266,783.17,477.46,0
279,4.6433,786.24,478.83,0
280,4.6599,789.32,480.20,0
281,4.6765,792.39,481.57,0
282,4.6932,795.46,482.93,0
283,4.7098,798.54,484.30,0
284,4.7265,801.61,485.67,0
285,4.7431,804.69,487.04,0
286,4.7597,807.76,488.41,0
287,4.7764,810.83,489.77,0
288,4.7930,813.91,491.14,0
289,4.8097,816.98,492.51,0
290,4.8263,820.06,493.88,0
291,4.8430,823.13,495.25,0
292,4.8596,826.21,496.62,0
293,4.8762,829.28,497.98,0
294,4.8929,832.35,499.35,0
295,4.9095,835.43,500.72,0
296,4.9262,838.50,502.09,0
297,4.9428,841.58,503.46,0
298,4.9595,,,0
299,4.9761,,,0
300,4.9927,,,0
301,5.0094,,,0
302,5.0260,,,0
303,5.0427,,,0
304,5.0593,,,0
305,5.0760,,,0
306,5.0926,,,0
307,5.1092,,,0
308,5.1259,,,0
309,5.1425,,,0
310,5.1592,,,0
311,5.1758,,,0
312,5.1925,,,0
313,5.2091,,,0
314,5.2257,,,0
315,5.2424,,,0
316,5.2590,,,0
317,5.2757,,,0
318,5.2923,,,0
319,5.3089,,,0
320,5.3256,,,0
321,5.3422,,,0
322,5.3589,,,0
323,5.3755,,,0
324,5.3922,,,0
325,5.4088,,,0
326,5.4254,,,0
327,5.4421,,,0
328,5.4587,,,0
329,5.4754,,,0
330,5.4920,,,0
331,5.5087,,,0
332,5.5253,,,0
333,5.5419,,,0
334,5.5586,,,0
335,5.5752,,,0
336,5.5919,,,0
337,5.6085,,,0
338,5.6252,,,0
339,5.6418,,,0
340,5.6584,,,0
341,5.6751,,,0
342,5.6917,,,0
343,5.7084,,,0
344,5.7250,,,0
345,5.7417,,,0
346,5.7583,,,0
347,5.7749,,,0
348,5.7916,,,0
349,5.8082,,,0
350,5.8249,,,0
351,5.8415,,,0
352,5.8582,,,0
353,5.8748,,,0
354,5.8914,,,0
355,5.9081,,,0
356,5.9247,,,0
357,5.9414,,,0
358,5.9580,,,0
359,5.9746,,,0
360,5.9913,,,0
361,6.0079,,,0
362,6.0246,,,0
363,6.0412,,,0
364,6.0579,,,0
365,6.0745,,,0
366,6.0911,,,0
367,6.1078,,,0
368,6.1244,,,0
369,6.1411,,,0
370,6.1577,,,0
371,6.1744,,,0
372,6.1910,,,0
373,6.2076,945.60,478.71,1
374,6.2243,946.71,478.13,0
375,6.2409,956.16,483.84,1
376,6.2576,961.32,487.26,1
377,6.2742,966.67,490.58,1
378,6.2909,972.14,494.50,1
379,6.3075,978.11,498.59,1
380,6.3241,983.95,502.85,1
381,6.3408,989.51,507.45,1
382,6.3574,996.30,512.80,1
383,6.3741,1002.72,518.24,1
384,6.3907,1009.14,523.68,1
385,6.4074,1016.81,530.93,1
386,6.4240,1022.71,536.87,1
387,6.4406,1030.67,542.95,1
388,6.4573,1038.54,551.98,1
389,6.4739,1045.83,559.66,1
390,6.4906,1053.62,567.88,1
391,6.5072,1062.03,577.72,1
392,6.5239,1070.33,586.82,1
393,6.5405,1079.47,596.74,1
394,6.5571,1089.09,608.38,1
395,6.5738,1098.68,620.39,1
396,6.5904,1108.45,632.57,1
397,6.6071,1117.67,643.04,1
398,6.6237,1125.27,637.83,1
399,6.6403,1132.39,631.50,1
400,6.6570,1139.26,625.15,1
401,6.6736,1147.59,619.01,1
402,6.6903,1154.96,613.14,1
403,6.7069,1162.78,607.66,1
404,6.7236,1170.41,601.70,1
405,6.7402,1178.66,596.77,1
406,6.7568,1188.72,591.12,1
407,6.7735,1197.63,585.10,1
408,6.7901,1205.91,581.08,1
409,6.8068,1216.22,575.84,1
410,6.8234,1224.84,571.92,1
411,6.8401,1235.85,567.13,1
412,6.8567,1246.21,563.51,1
413,6.8733,1256.97,559.17,1
414,6.8900,1269.15,555.57,1
415,6.9066,1278.67,553.05,1
416,6.9233,1289.83,551.22,1
417,6.9399,1304.34,546.97,1
418,6.9566,1317.82,544.64,1
419,6.9732,1329.26,541.77,1
420,6.9898,1345.42,539.77,1
421,7.0065,1356.09,538.64,1
422,7.0231,1371.63,537.97,1
423,7.0398,1387.66,537.08,1
424,7.0564,1401.60,536.64,1
425,7.0731,1408.79,536.47,1
426,7.0897,1425.14,534.56,0
427,7.1063,1438.45,533.70,0
428,7.1230,1451.77,532.85,0
429,7.1396,1465.08,531.99,0
430,7.1563,1478.39,531.14,0
431,7.1729,1491.71,530.28,0
432,7.1895,1505.02,529.43,0
433,7.2062,1518.33,528.57,0
434,7.2228,1531.65,527.72,0
435,7.2395,1544.96,526.86,0
436,7.2561,1558.27,526.01,0
437,7.2728,1375.73,502.34,1
438,7.2894,1332.04,491.81,1
439,7.3060,1292.76,482.94,1
440,7.3227,1258.63,475.66,1
441,7.3393,1226.57,468.74,1
442,7.3560,1200.38,464.66,1
443,7.3726,1168.58,459.62,1
444,7.3893,1150.07,456.77,1
445,7.4059,1129.49,454.39,1
446,7.4225,1110.15,451.89,1
447,7.4392,1093.01,450.92,1
448,7.4558,1076.72,449.87,1
449,7.4725,1060.24,449.14,1
450,7.4891,1045.35,448.64,1
451,7.5058,1023.45,445.81,0
452,7.5224,1006.12,444.56,0
453,7.5390,1007.59,450.15,1
454,7.5557,999.02,450.93,1
455,7.5723,988.48,452.31,1
456,7.5890,979.11,453.47,1
457,7.6056,965.89,453.65,0
458,7.6223,961.99,457.01,1
459,7.6389,954.15,459.00,1
460,7.6555,946.80,460.84,1
461,7.6722,939.55,463.12,1
462,7.6888,932.86,465.36,1
463,7.7055,926.59,468.30,1
464,7.7221,920.40,470.52,1
465,7.7388,914.89,473.24,1
466,7.7554,909.00,476.00,1
467,7.7720,902.01,478.22,0
468,7.7887,895.85,480.76,0
469,7.8053,894.32,484.68,1
470,7.8220,887.94,487.16,0
471,7.8386,885.03,490.71,1
472,7.8552,879.41,493.41,0
473,7.8719,874.52,496.34,0
474,7.8885,869.62,499.26,0
475,7.9052,864.72,502.19,0
476,7.9218,859.83,505.12,0
477,7.9385,854.93,508.04,0
478,7.9551,850.03,510.97,0
479,7.9717,845.14,513.90,0
480,7.9884,840.24,516.82,0
481,8.0050,835.34,519.75,0
482,8.0217,830.45,522.68,0
483,8.0383,825.55,525.60,0
484,8.0550,820.65,528.53,0
485,8.0716,815.76,531.46,0
486,8.0882,810.86,534.38,0
487,8.1049,805.96,537.31,0
488,8.1215,801.07,540.24,0
489,8.1382,796.17,543.16,0
490,8.1548,791.27,546.09,0
491,8.1715,786.38,549.02,0
492,8.1881,,,0
493,8.2047,,,0
494,8.2214,,,0
495,8.2380,,,0
496,8.2547,,,0
497,8.2713,,,0
498,8.2880,,,0
499,8.3046,,,0
500,8.3212,,,0
501,8.3379,,,0
502,8.3545,,,0
503,8.3712,,,0
504,8.3878,,,0
505,8.4045,,,0
506,8.4211,,,0
507,8.4377,,,0
508,8.4544,,,0
509,8.4710,,,0
510,8.4877,,,0
511,8.5043,,,0
512,8.5209,,,0
513,8.5376,,,0
514,8.5542,,,0
515,8.5709,,,0
516,8.5875,,,0
517,8.6042,,,0
518,8.6208,,,0
519,8.6374,,,0
520,8.6541,,,0
521,8.6707,,,0
522,8.6874,,,0
523,8.7040,,,0
524,8.7207,,,0
525,8.7373,,,0
526,8.7539,,,0
527,8.7706,,,0
528,8.7872,,,0
529,8.8039,,,0
530,8.8205,,,0
531,8.8372,,,0
532,8.8538,,,0
533,8.8704,847.21,466.88,1
534,8.8871,850.80,467.01,1
535,8.9037,854.03,466.61,1
536,8.9204,857.49,466.58,1
537,8.9370,859.95,465.66,0
538,8.9537,862.97,465.21,0
539,8.9703,868.20,468.34,1
540,8.9869,872.09,469.23,1
541,9.0036,876.51,471.01,1
542,9.0202,880.92,472.08,1
543,9.0369,885.14,474.23,1
544,9.0535,889.75,476.27,1
545,9.0701,894.36,478.57,1
546,9.0868,898.31,479.50,0
547,9.1034,904.00,484.73,1
548,9.1201,908.89,487.94,1
549,9.1367,913.99,491.83,1
550,9.1534,919.61,495.81,1
551,9.1700,925.13,500.21,1
552,9.1866,930.83,505.32,1
553,9.2033,936.91,511.01,1
554,9.2199,943.87,517.26,1
555,9.2366,949.67,523.12,1
556,9.2532,956.87,530.06,1
557,9.2699,963.61,537.47,1
558,9.2865,969.45,542.28,0
559,9.3031,978.55,554.70,1
560,9.3198,985.14,563.40,1
561,9.3364,994.44,573.79,1
562,9.3531,1000.64,580.38,0
563,9.3697,1012.98,596.58,1
564,9.3864,1022.09,609.52,1
565,9.4030,1029.67,617.78,0
566,9.4196,1042.87,638.00,1
567,9.4363,1050.86,647.31,0
568,9.4529,1060.35,659.78,0
569,9.4696,1076.99,686.96,1
570,9.4862,1087.39,682.85,1
571,9.5029,1097.02,675.11,1
572,9.5195,1106.61,669.29,1
573,9.5361,1118.01,661.20,1
574,9.5528,1127.63,656.31,1
575,9.5694,1139.13,649.80,1
576,9.5861,1150.37,643.67,1
577,9.6027,1162.56,637.38,1
578,9.6194,1175.41,631.52,1
579,9.6360,1188.14,625.89,1
580,9.6526,1202.70,620.60,1
581,9.6693,1213.22,613.43,0
582,9.6859,1225.71,607.02,0
583,9.7026,1238.20,600.60,0
584,9.7192,1250.69,594.19,0
585,9.7358,1263.19,587.78,0
586,9.7525,1275.68,581.37,0
587,9.7691,1288.17,574.96,0
588,9.7858,1300.66,568.55,0
589,9.8024,1313.16,562.14,0
590,9.8191,1325.65,555.73,0
591,9.8357,1338.14,549.32,0
592,9.8523,1350.63,542.91,0
593,9.8690,1363.12,536.50,0
594,9.8856,1375.62,530.09,0
595,9.9023,1388.11,523.68,0
596,9.9189,1400.60,517.27,0
597,9.9356,1413.09,510.86,0
598,9.9522,1425.58,504.45,0
599,9.9688,1438.08,498.04,0
600,9.9855,1450.57,491.63,0
601,10.0021,,,0
602,10.0188,1187.02,502.41,1
603,10.0354,1174.32,499.75,1
604,10.0521,1171.56,494.18,0
605,10.0687,1154.42,497.45,1
606,10.0853,1146.61,496.15,1
607,10.1020,1138.28,495.98,1
608,10.1186,1132.37,495.91,1
609,10.1353,1126.48,495.93,1
610,10.1519,1120.79,495.67,1
611,10.1686,1116.13,496.52,1
612,10.1852,1111.67,496.77,1
613,10.2018,1108.00,497.74,1
614,10.2185,1104.10,498.58,1
615,10.2351,1100.93,499.55,1
616,10.2518,1098.04,500.56,1
617,10.2684,1092.97,501.00,0
618,10.2851,1089.27,501.84,0
619,10.3017,1085.56,502.67,0
620,10.3183,1081.86,503.51,0
621,10.3350,1078.16,504.34,0
622,10.3516,1074.45,505.18,0
623,10.3683,1070.75,506.01,0
624,10.3849,1067.04,506.85,0
625,10.4015,1063.34,507.68,0
626,10.4182,1059.64,508.52,0
627,10.4348,1055.93,509.35,0
628,10.4515,1052.23,510.19,0
629,10.4681,1048.52,511.02,0
630,10.4848,1044.82,511.86,0
631,10.5014,1041.12,512.69,0
632,10.5180,1037.41,513.53,0
633,10.5347,1033.71,514.36,0
634,10.5513,1030.00,515.20,0
635,10.5680,1026.30,516.03,0
636,10.5846,1022.60,516.87,0
637,10.6013,,,0
638,10.6179,,,0
639,10.6345,,,0
640,10.6512,,,0
641,10.6678,,,0
642,10.6845,,,0
643,10.7011,,,0
644,10.7178,,,0
645,10.7344,,,0
646,10.7510,,,0
647,10.7677,,,0
648,10.7843,,,0
649,10.8010,,,0
650,10.8176,,,0
651,10.8343,,,0
652,10.8509,,,0
653,10.8675,,,0
654,10.8842,,,0
655,10.9008,,,0
656,10.9175,,,0
657,10.9341,,,0
658,10.9507,,,0
659,10.9674,,,0
660,10.9840,,,0
661,11.0007,,,0
662,11.0173,,,0
663,11.0340,,,0
664,11.0506,,,0
665,11.0672,,,0
666,11.0839,,,0
667,11.1005,,,0
668,11.1172,,,0
669,11.1338,,,0
670,11.1505,,,0
671,11.1671,,,0
672,11.1837,,,0
673,11.2004,,,0
674,11.2170,,,0
675,11.2337,,,0
676,11.2503,,,0
677,11.2670,,,0
678,11.2836,,,0
679,11.3002,,,0
680,11.3169,,,0
681,11.3335,,,0
682,11.3502,,,0
683,11.3668,,,0
684,11.3835,,,0
685,11.4001,,,0
686,11.4167,,,0
687,11.4334,,,0
688,11.4500,,,0
